"","CCR","TER"
"CUT (0)",0.937914082691265,0.0620859173087353
"CUT (0.524)",0.948688258087451,0.0513117419125485
