"","CCR","TER"
"CUT (0)",0.924372522235545,0.0756274777644547
"CUT (0.524)",0.933657029824252,0.0663429701757481
