"","CCR","FP","FN","TER"
"CUT (0)",0.93637,0.0274,0.03623,0.06363
"CUT (0.524)",0.9498,0.02758,0.02262,0.0502
