"","CCR","FP","FN","TER"
"CUT (0)",0.941412,0.02656,0.032028,0.058588
"CUT (0.524)",0.947488,0.027852,0.02466,0.052512
