"","CCR","FP","FN","TER"
"CUT (0)",0.943524,0.030642,0.025834,0.056476
"CUT (0.524)",0.949748,0.02636,0.023892,0.050252
