"","CCR","FP","FN","TER"
"CUT (0)",0.93934,0.03077,0.02989,0.06066
"CUT (0.524)",0.95267,0.02526,0.02207,0.04733
