"","CCR","TER"
"CUT (0)",0.937963312250959,0.0620366877490406
"CUT (0.524)",0.945943008913204,0.0540569910867956
