"","CCR","TER"
"CUT (0)",0.929273730477555,0.0707262695224451
"CUT (0.524)",0.939103866749879,0.0608961332501211
