"","CCR","FP","FN","TER"
"CUT (0)",0.94134,0.032806,0.025854,0.05866
"CUT (0.524)",0.94484,0.032652,0.022508,0.05516
