"","CCR","FP","FN","TER"
"CUT (0)",0.93669,0.03338,0.02993,0.06331
"CUT (0.524)",0.94736,0.03176,0.02088,0.05264
