"","CCR","FP","FN","TER"
"CUT (0)",0.94044,0.0313,0.02826,0.05956
"CUT (0.524)",0.9506,0.02645,0.02295,0.0494
