"","CCR","FP","FN","TER"
"CUT (0)",0.943684,0.030608,0.025708,0.056316
"CUT (0.524)",0.9474,0.02818,0.02442,0.0526
