"","CCR","TER"
"CUT (0)",0.913718332767466,0.0862816672325341
"CUT (0.524)",0.926451084653865,0.0735489153461352
