"","CCR","TER"
"CUT (0)",0.906651634615536,0.0933483653844642
"CUT (0.524)",0.918286115276817,0.0817138847231833
