"","CCR","FP","FN","TER"
"CUT (0)",0.90954,0.04776,0.0427,0.09046
"CUT (0.524)",0.93021,0.03882,0.03097,0.06979
