"","CCR","FP","FN","TER"
"CUT (0)",0.914438,0.04692,0.038642,0.085562
"CUT (0.524)",0.927638,0.039398,0.032964,0.072362
