"","CCR","FP","FN","TER"
"CUT (0)",0.92107,0.042258,0.036672,0.07893
"CUT (0.524)",0.929076,0.038048,0.032876,0.070924
