"","CCR","FP","FN","TER"
"CUT (0)",0.91621,0.04319,0.0406,0.08379
"CUT (0.524)",0.93195,0.03757,0.03048,0.06805
