"","CCR","TER"
"CUT (0)",0.89972587116121,0.10027412883879
"CUT (0.524)",0.911504414478964,0.0884955855210363
