"","CCR","TER"
"CUT (0)",0.916982420338191,0.0830175796618088
"CUT (0.524)",0.926668211889615,0.0733317881103845
