"","CCR","FP","FN","TER"
"CUT (0)",0.91625,0.04024,0.04351,0.08375
"CUT (0.524)",0.93078,0.03018,0.03904,0.06922
