"","CCR","FP","FN","TER"
"CUT (0)",0.920498,0.039312,0.04019,0.079502
"CUT (0.524)",0.928076,0.031046,0.040878,0.071924
