"","CCR","FP","FN","TER"
"CUT (0)",0.922144,0.040724,0.037132,0.077856
"CUT (0.524)",0.929918,0.037014,0.033068,0.070082
