"","CCR","FP","FN","TER"
"CUT (0)",0.91715,0.0416,0.04125,0.08285
"CUT (0.524)",0.93123,0.03779,0.03098,0.06877
